Workbook
Name Slicer_City: #N/A

Sheet Sheet1
A1: Order ID | B1: Restaurant ID | C1: Delivery Date | D1: City | E1: Delivery Partner | F1: Delivery Time (min) | G1: Delivery Charge (₹) | H1: Restaurant Name | I1: Day of Week
A2: O1001 | B2: R101 | C2: 46266 | D2: Ahmedabad | E2: Rahul | F2: 32 | G2: 35 | H2: =_xlfn.XLOOKUP(B2,'Restaurant Details'!A:A,'Restaurant Details'!B:B,"NA") -> Burger Singh | I2: =TEXT(C2,"dddd") -> Tuesday
A3: O1002 | B3: R103 | C3: 46267 | D3: Mumbai | E3: Priya | F3: 41 | G3: 40 | H3: =_xlfn.XLOOKUP(B3,'Restaurant Details'!A:A,'Restaurant Details'!B:B,"NA") -> Biryani Blues | I3: =TEXT(C3,"dddd") -> Wednesday
A4: O1003 | B4: R102 | C4: 46268 | D4: Delhi | E4: Amit | F4: 28 | G4: 30 | H4: =_xlfn.XLOOKUP(B4,'Restaurant Details'!A:A,'Restaurant Details'!B:B,"NA") -> Pizza Paradise | I4: =TEXT(C4,"dddd") -> Thursday
A5: O1004 | B5: R105 | C5: 46269 | D5: Bangalore | E5: Neha | F5: 36 | G5: 35 | H5: =_xlfn.XLOOKUP(B5,'Restaurant Details'!A:A,'Restaurant Details'!B:B,"NA") -> Cafe Delhi Heights | I5: =TEXT(C5,"dddd") -> Friday
A6: O1005 | B6: R101 | C6: 46270 | D6: Ahmedabad | E6: Unassigned | F6: 30 | G6: 30 | H6: =_xlfn.XLOOKUP(B6,'Restaurant Details'!A:A,'Restaurant Details'!B:B,"NA") -> Burger Singh | I6: =TEXT(C6,"dddd") -> Saturday | P6: =
A7: O1006 | B7: R104 | C7: 46271 | D7: Mumbai | E7: Rohan | F7: 45 | G7: 50 | H7: =_xlfn.XLOOKUP(B7,'Restaurant Details'!A:A,'Restaurant Details'!B:B,"NA") -> The Chinese Wok | I7: =TEXT(C7,"dddd") -> Sunday
A8: O1007 | B8: R106 | C8: 46272 | D8: Delhi | E8: Sneha | F8: 39 | G8: 40 | H8: =_xlfn.XLOOKUP(B8,'Restaurant Details'!A:A,'Restaurant Details'!B:B,"NA") -> Wow! Momo | I8: =TEXT(C8,"dddd") -> Monday
A9: O1008 | B9: R103 | C9: 46273 | D9: Bangalore | E9: Unassigned | F9: 34 | G9: 35 | H9: =_xlfn.XLOOKUP(B9,'Restaurant Details'!A:A,'Restaurant Details'!B:B,"NA") -> Biryani Blues | I9: =TEXT(C9,"dddd") -> Tuesday
A10: O1009 | B10: R107 | C10: 46274 | D10: Ahmedabad | E10: Arjun | F10: 27 | G10: 25 | H10: =_xlfn.XLOOKUP(B10,'Restaurant Details'!A:A,'Restaurant Details'!B:B,"NA") -> Subway | I10: =TEXT(C10,"dddd") -> Wednesday
A11: O1010 | B11: R102 | C11: 46275 | D11: Mumbai | E11: Priya | F11: 31 | G11: 30 | H11: =_xlfn.XLOOKUP(B11,'Restaurant Details'!A:A,'Restaurant Details'!B:B,"NA") -> Pizza Paradise | I11: =TEXT(C11,"dddd") -> Thursday
A12: O1011 | B12: R108 | C12: 46276 | D12: Delhi | E12: Karan | F12: 42 | G12: 45 | H12: =_xlfn.XLOOKUP(B12,'Restaurant Details'!A:A,'Restaurant Details'!B:B,"NA") -> Domino's Pizza | I12: =TEXT(C12,"dddd") -> Friday
A13: O1012 | B13: R105 | C13: 46277 | D13: Bangalore | E13: Neha | F13: 37 | G13: 40 | H13: =_xlfn.XLOOKUP(B13,'Restaurant Details'!A:A,'Restaurant Details'!B:B,"NA") -> Cafe Delhi Heights | I13: =TEXT(C13,"dddd") -> Saturday
A14: O1013 | B14: R101 | C14: 46278 | D14: Ahmedabad | E14: Rahul | F14: 29 | G14: 30 | H14: =_xlfn.XLOOKUP(B14,'Restaurant Details'!A:A,'Restaurant Details'!B:B,"NA") -> Burger Singh | I14: =TEXT(C14,"dddd") -> Sunday
A15: O1014 | B15: R104 | C15: 46279 | D15: Mumbai | E15: Unassigned | F15: 46 | G15: 50 | H15: =_xlfn.XLOOKUP(B15,'Restaurant Details'!A:A,'Restaurant Details'!B:B,"NA") -> The Chinese Wok | I15: =TEXT(C15,"dddd") -> Monday
A16: O1015 | B16: R106 | C16: 46280 | D16: Delhi | E16: Sneha | F16: 35 | G16: 35 | H16: =_xlfn.XLOOKUP(B16,'Restaurant Details'!A:A,'Restaurant Details'!B:B,"NA") -> Wow! Momo | I16: =TEXT(C16,"dddd") -> Tuesday
A17: O1016 | B17: R103 | C17: 46281 | D17: Bangalore | E17: Rohan | F17: 33 | G17: 35 | H17: =_xlfn.XLOOKUP(B17,'Restaurant Details'!A:A,'Restaurant Details'!B:B,"NA") -> Biryani Blues | I17: =TEXT(C17,"dddd") -> Wednesday
A18: O1017 | B18: R107 | C18: 46282 | D18: Ahmedabad | E18: Arjun | F18: 26 | G18: 25 | H18: =_xlfn.XLOOKUP(B18,'Restaurant Details'!A:A,'Restaurant Details'!B:B,"NA") -> Subway | I18: =TEXT(C18,"dddd") -> Thursday
... A41: O1040 | B41: R103 | C41: 46305 | D41: Bangalore | E41: Unassigned | F41: 32 | G41: 35 | H41: =_xlfn.XLOOKUP(B41,'Restaurant Details'!A:A,'Restaurant Details'!B:B,"NA") -> Biryani Blues | I41: =TEXT(C41,"dddd") -> Saturday
F42: =AVERAGE(Table1[Delivery Time (min)]) -> 35.475

Sheet Restaurant Details
A1: Restaurant ID | B1: Restaurant Name
A2: R101 | B2: Burger Singh
A3: R102 | B3: Pizza Paradise
A4: R103 | B4: Biryani Blues
A5: R104 | B5: The Chinese Wok
A6: R105 | B6: Cafe Delhi Heights
A7: R106 | B7: Wow! Momo
A8: R107 | B8: Subway
A9: R108 | B9: Domino's Pizza

Sheet Pivot Table
A3: Row Labels | B3: Count of Order ID | C3: Sum of Delivery Charge (₹)
A4: Ahmedabad | B4: 10 | C4: 310
A5: Bangalore | B5: 10 | C5: 370
A6: Delhi | B6: 10 | C6: 400
A7: Mumbai | B7: 10 | C7: 405
A8: Grand Total | B8: 40 | C8: 1485
A18: Count of Order ID
A19: 40
A25: Row Labels | B25: Count of Order ID
A26: Biryani Blues | B26: 6
A27: Burger Singh | B27: 6
A28: The Chinese Wok | B28: 5
A29: Grand Total | B29: 17

Sheet Dashboard
